start_t,stop_t,server_id,player_a,player_b,key
46680,46681, 509fb8211dbf9d6b7e000004, 8b80270704e876377787a53b7654302a7dbfd600, 00034b2b08e7ea8eac3491411d21adb4d7d92378, KilledBy
46680,46681, 509fb8211dbf9d6b7e000004, ee1a61be14eb3a4fc7b52589c915355027dbdb42, 00034b2b08e7ea8eac3491411d21adb4d7d92378, KilledBy
63060,63070, 4f89d73c1dbf9d462000000a, ae80f43294f3e7421de2df19d55e3179b314a197, 000357c75ef63caa7ef20358d49207b9f81948b1, Chat
62940,62950, 50adcfcb1dbf9d702e000010, 46a7b041393dfa6d849ad777a115bd20a1e4e6ed, 0003f0cc40ec4619f9e08fb298431387ba942250, Chat
43920,43925, 5065e0091dbf9de66600000b, 02c180170d7729ab224ec5ab0861a5e814bc7744, 00040857941a98d183a9ffcc5efc12a5e73a91ad, Chat
50460,50465, 5065e0091dbf9de66600000b, f1c58f47ae6ea8050a6bec996e22c0e2580ef36f, 00040857941a98d183a9ffcc5efc12a5e73a91ad, KilledBy
50580,50590, 5065e0091dbf9de66600000b, 5a2f958222b117e49b08ba4174a7d02a3b7d8ae3, 00040857941a98d183a9ffcc5efc12a5e73a91ad, KilledBy
50640,50645, 5065e0091dbf9de66600000b, 0b1ffa40485185c0cc2d336e06c2ee041096a969, 00040857941a98d183a9ffcc5efc12a5e73a91ad, Chat
50640,50650, 5065e0091dbf9de66600000b, b8e11a9178b80c6d06c035e0bb005db7e74add6b, 00040857941a98d183a9ffcc5efc12a5e73a91ad, Chat
50760,50770, 5065e0091dbf9de66600000b, 956d33fbc7e8f92011455eb8b89beb40e5610191, 00040857941a98d183a9ffcc5efc12a5e73a91ad, KilledBy
52140,52150, 5065e0091dbf9de66600000b, 26582d0475e0f716638dbcc35b62d92a1fe38fe5, 00040857941a98d183a9ffcc5efc12a5e73a91ad, Chat
59880,59885, 5065e0091dbf9de66600000b, 1356f629908e037689fad63ab3ee84e073fd4af8, 00040857941a98d183a9ffcc5efc12a5e73a91ad, Chat
62340,62345, 5065e0091dbf9de66600000b, caf3d60832404e5a3ae6e8a56c68667c352a0da1, 00040857941a98d183a9ffcc5efc12a5e73a91ad, KilledBy
62340,62345, 5065e0091dbf9de66600000b, e14bbe2218711cb61f4d90b1ab1c5a52c829c343, 00040857941a98d183a9ffcc5efc12a5e73a91ad, KilledBy
62400,62405, 5065e0091dbf9de66600000b, 74e8bb2eefc394c23b521ff6bf991bd9b04828f5, 00040857941a98d183a9ffcc5efc12a5e73a91ad, KilledBy
62400,62410, 5065e0091dbf9de66600000b, 0e85be791a6fd49230259b43e8cb49bc3c664893, 00040857941a98d183a9ffcc5efc12a5e73a91ad, KilledBy
62760,62775, 5065e0091dbf9de66600000b, 344fd5f3258121df2435411853aa871b895366b0, 00040857941a98d183a9ffcc5efc12a5e73a91ad, Chat
62820,62825, 5065e0091dbf9de66600000b, 77146cdd6007b5123134438d334c348b9903e371, 00040857941a98d183a9ffcc5efc12a5e73a91ad, KilledBy
62820,62835, 5065e0091dbf9de66600000b, 90be6c3ba6060918bc1c0b29ea95d07b31b4ea19, 00040857941a98d183a9ffcc5efc12a5e73a91ad, Chat
65040,65045, 5065e0091dbf9de66600000b, 9966bc3e45b9c8153eab49f97c1d29cd4628e8f0, 00040857941a98d183a9ffcc5efc12a5e73a91ad, Chat
72540,72545, 5065e0091dbf9de66600000b, 6feb367b0a67fabea169f65d601350d6604ef735, 00040857941a98d183a9ffcc5efc12a5e73a91ad, KilledBy
72540,72545, 5065e0091dbf9de66600000b, 760ba28831c420e5965f50edb5160cfc54162239, 00040857941a98d183a9ffcc5efc12a5e73a91ad, KilledBy
72540,72545, 5065e0091dbf9de66600000b, 7705efe88da090e979b452b070ddcb29d7a30c22, 00040857941a98d183a9ffcc5efc12a5e73a91ad, KilledBy
72660,72665, 5065e0091dbf9de66600000b, 2d65cb74e34c76e736a284ffa486fe040c0369b7, 00040857941a98d183a9ffcc5efc12a5e73a91ad, KilledBy
72660,72665, 5065e0091dbf9de66600000b, 6d0f7c0e586633492816f5c46b33477e6279b96f, 00040857941a98d183a9ffcc5efc12a5e73a91ad, Chat
72660,72675, 5065e0091dbf9de66600000b, eb80b4d2acb17175b88d794228cb6284c51d41da, 00040857941a98d183a9ffcc5efc12a5e73a91ad, Chat
73620,73625, 5065e0091dbf9de66600000b, 2586c7056de38ba7e477396d239994bff162191b, 00040857941a98d183a9ffcc5efc12a5e73a91ad, KilledBy
73740,73745, 5065e0091dbf9de66600000b, 004dc200e8ef5915de06b09976d192e685b81ff3, 00040857941a98d183a9ffcc5efc12a5e73a91ad, KilledBy
73740,73745, 5065e0091dbf9de66600000b, 02c180170d7729ab224ec5ab0861a5e814bc7744, 00040857941a98d183a9ffcc5efc12a5e73a91ad, KilledBy
73740,73745, 5065e0091dbf9de66600000b, 2586c7056de38ba7e477396d239994bff162191b, 00040857941a98d183a9ffcc5efc12a5e73a91ad, KilledBy
73980,73985, 5065e0091dbf9de66600000b, 4ade8866ba97f81fef1795db6001c42d16224c89, 00040857941a98d183a9ffcc5efc12a5e73a91ad, KilledBy
73980,73985, 5065e0091dbf9de66600000b, 895a5aa0e2b448cc403b8095347c4267a0c7c40a, 00040857941a98d183a9ffcc5efc12a5e73a91ad, KilledBy
73980,73990, 5065e0091dbf9de66600000b, 7f3d9ae572308b35d54ae4386fce031a825b1b3b, 00040857941a98d183a9ffcc5efc12a5e73a91ad, Chat
73980,74000, 5065e0091dbf9de66600000b, 6f81f8d63ef22dbec9ea13494953069a7f64f9b8, 00040857941a98d183a9ffcc5efc12a5e73a91ad, KilledBy
75180,75185, 5065e0091dbf9de66600000b, 11dc96b50b9ace5789a14e4183a4b0d95858d56f, 00040857941a98d183a9ffcc5efc12a5e73a91ad, Chat
78300,78305, 5065e0091dbf9de66600000b, f3b44d645e35b758dc69449dd21d53472411bb04, 00040857941a98d183a9ffcc5efc12a5e73a91ad, KilledBy
79920,79925, 5065e0091dbf9de66600000b, 6e7613accd969eb0e00046a0307f1571d2b79c45, 00040857941a98d183a9ffcc5efc12a5e73a91ad, KilledBy
79920,79930, 5065e0091dbf9de66600000b, 0a7685bf608a69c5e652e0a3309cb8dac7b52598, 00040857941a98d183a9ffcc5efc12a5e73a91ad, Chat
79920,79935, 5065e0091dbf9de66600000b, 396886a86c2f07a8f0368331b19f916e74719f7b, 00040857941a98d183a9ffcc5efc12a5e73a91ad, Chat
79980,79985, 5065e0091dbf9de66600000b, e5656b7e8afabf991e31a3839d93ab78b4c63e9b, 00040857941a98d183a9ffcc5efc12a5e73a91ad, Chat
79980,79990, 5065e0091dbf9de66600000b, e225d05c69a36ce39001d11c0bcfb70ef5b8df2f, 00040857941a98d183a9ffcc5efc12a5e73a91ad, KilledBy
41460,41465, 4f89d73c1dbf9d462000000a, 50062d9a581ac9f6fc840a221cf41ed9e8013f60, 00060b8b1b32ba79f8768dc88712395fb0ad44d5, Chat
70740,70745, 50adcfcb1dbf9d702e000010, ea956ebb58e62417def9306c8646b1010bd1bea5, 0006689009c5292aa5539805aff24ba8899bbd71, Chat
73560,73565, 50adcfcb1dbf9d702e000010, 711bec5322b6f50f0f3f5b1f1fb4461d599ed9a1, 0006689009c5292aa5539805aff24ba8899bbd71, Chat
76440,76450, 50adcfcb1dbf9d702e000010, 9cf43f22a8e55186879088f04e1b9d1336d46967, 0006689009c5292aa5539805aff24ba8899bbd71, Chat
41040,41045, 4f89d73c1dbf9d462000000a, f07c857f3e0368cc892cc0623a3460cddc451d66, 000a27231564fa881e9e9792734d1e8f4674ea21, Chat
41940,41945, 4f89d73c1dbf9d462000000a, 1e24d8d90e9a523caca53457d43c4bd668e54a7a, 000a27231564fa881e9e9792734d1e8f4674ea21, Chat
45240,45245, 4f89d73c1dbf9d462000000a, 183cd127a5e7527185d92f1f977ee424b584c093, 000a27231564fa881e9e9792734d1e8f4674ea21, KilledBy
45240,45245, 4f89d73c1dbf9d462000000a, 1f9a8a973e56b77e63145d3aa76bf62fe12191a7, 000a27231564fa881e9e9792734d1e8f4674ea21, KilledBy
45240,45245, 4f89d73c1dbf9d462000000a, 235189818b259aae05b9531830033f96a7bbd852, 000a27231564fa881e9e9792734d1e8f4674ea21, KilledBy
45240,45250, 4f89d73c1dbf9d462000000a, 555d0fc735e46c9d7ad713cbcc4f6c22777be645, 000a27231564fa881e9e9792734d1e8f4674ea21, KilledBy
45240,45250, 4f89d73c1dbf9d462000000a, 56dbac166925c1ee8f1cb2c1f26b515a32b30bff, 000a27231564fa881e9e9792734d1e8f4674ea21, KilledBy
49200,49205, 4f89d73c1dbf9d462000000a, 235189818b259aae05b9531830033f96a7bbd852, 000a27231564fa881e9e9792734d1e8f4674ea21, Chat
49200,49205, 4f89d73c1dbf9d462000000a, 51c63725a30809e0f232fd4581f5a8af9138ed5e, 000a27231564fa881e9e9792734d1e8f4674ea21, KilledBy
49200,49205, 4f89d73c1dbf9d462000000a, 90aa007a52788c3e350e5c8b46506e2a2362f077, 000a27231564fa881e9e9792734d1e8f4674ea21, KilledBy
49200,49210, 4f89d73c1dbf9d462000000a, d0f9ff49b5e658f007ff4356df5151fc029a1c01, 000a27231564fa881e9e9792734d1e8f4674ea21, KilledBy
50520,50525, 4f89d73c1dbf9d462000000a, 10464c2156a91d5ecfc541900efeed41d56fddce, 000a27231564fa881e9e9792734d1e8f4674ea21, KilledBy
50520,50525, 4f89d73c1dbf9d462000000a, b0b309bfb6c17d80142b16f90af1abbd9cdb37e6, 000a27231564fa881e9e9792734d1e8f4674ea21, KilledBy
50520,50525, 4f89d73c1dbf9d462000000a, c24a22ed9d43573edaf907827fdef937f1f311cd, 000a27231564fa881e9e9792734d1e8f4674ea21, KilledBy
50580,50585, 4f89d73c1dbf9d462000000a, 10464c2156a91d5ecfc541900efeed41d56fddce, 000a27231564fa881e9e9792734d1e8f4674ea21, KilledBy
50580,50585, 4f89d73c1dbf9d462000000a, 20bea620aa2b1a97e6f3031561cecb71d17c67b1, 000a27231564fa881e9e9792734d1e8f4674ea21, KilledBy
50580,50585, 4f89d73c1dbf9d462000000a, 3b0ec43897c603d3855676269b163032150f057a, 000a27231564fa881e9e9792734d1e8f4674ea21, KilledBy
50580,50585, 4f89d73c1dbf9d462000000a, b6c879ae07d1bdcdfa249ff2a37cf8eb38903a0f, 000a27231564fa881e9e9792734d1e8f4674ea21, Chat
50640,50645, 4f89d73c1dbf9d462000000a, 04946f3eaa4ffe7d0395c2343d70255059b91ce7, 000a27231564fa881e9e9792734d1e8f4674ea21, KilledBy
50640,50645, 4f89d73c1dbf9d462000000a, 369b9c31e11e4491f2bbc65c6d2afa651b42ba1b, 000a27231564fa881e9e9792734d1e8f4674ea21, Chat
50640,50645, 4f89d73c1dbf9d462000000a, 78d8058b8e5d2841447ec50b27386ba25b944579, 000a27231564fa881e9e9792734d1e8f4674ea21, KilledBy
50640,50645, 4f89d73c1dbf9d462000000a, 90aa007a52788c3e350e5c8b46506e2a2362f077, 000a27231564fa881e9e9792734d1e8f4674ea21, KilledBy
50640,50645, 4f89d73c1dbf9d462000000a, ab48b08bf06529cb49ba145f68c96b48f0801448, 000a27231564fa881e9e9792734d1e8f4674ea21, KilledBy
50640,50645, 4f89d73c1dbf9d462000000a, b6c879ae07d1bdcdfa249ff2a37cf8eb38903a0f, 000a27231564fa881e9e9792734d1e8f4674ea21, Chat
50640,50645, 4f89d73c1dbf9d462000000a, d0f9ff49b5e658f007ff4356df5151fc029a1c01, 000a27231564fa881e9e9792734d1e8f4674ea21, KilledBy
50640,50645, 4f89d73c1dbf9d462000000a, e1c217989e073e33acaaef8a22bfb0ea1a09f122, 000a27231564fa881e9e9792734d1e8f4674ea21, KilledBy
50640,50655, 4f89d73c1dbf9d462000000a, 369b9c31e11e4491f2bbc65c6d2afa651b42ba1b, 000a27231564fa881e9e9792734d1e8f4674ea21, KilledBy
52380,52385, 4f89d73c1dbf9d462000000a, 1e12089d02d4740535b60298fe72095973d6079e, 000a27231564fa881e9e9792734d1e8f4674ea21, KilledBy
52380,52385, 4f89d73c1dbf9d462000000a, af1e9b5566c3647e3c1052b4b7d4fa1ffc6d2f55, 000a27231564fa881e9e9792734d1e8f4674ea21, KilledBy
52380,52385, 4f89d73c1dbf9d462000000a, da44ea33573daf44be48f0b804a75d0fce9d5c8c, 000a27231564fa881e9e9792734d1e8f4674ea21, KilledBy
52380,52385, 4f89d73c1dbf9d462000000a, dd38d311573cee4970fa1b90f548e19f5249dd6e, 000a27231564fa881e9e9792734d1e8f4674ea21, KilledBy
52380,52390, 4f89d73c1dbf9d462000000a, d351fe23695553b895825b56aee208abadaafa8d, 000a27231564fa881e9e9792734d1e8f4674ea21, KilledBy
52440,52445, 4f89d73c1dbf9d462000000a, 1e12089d02d4740535b60298fe72095973d6079e, 000a27231564fa881e9e9792734d1e8f4674ea21, KilledBy
52440,52445, 4f89d73c1dbf9d462000000a, b0107fe0293a493ab82bf70f397311afe58d20bc, 000a27231564fa881e9e9792734d1e8f4674ea21, KilledBy
52440,52445, 4f89d73c1dbf9d462000000a, d351fe23695553b895825b56aee208abadaafa8d, 000a27231564fa881e9e9792734d1e8f4674ea21, KilledBy
52440,52445, 4f89d73c1dbf9d462000000a, d51e17981d4b574cfb68cbfad9f6d4bfdf368696, 000a27231564fa881e9e9792734d1e8f4674ea21, KilledBy
52440,52445, 4f89d73c1dbf9d462000000a, dd38d311573cee4970fa1b90f548e19f5249dd6e, 000a27231564fa881e9e9792734d1e8f4674ea21, KilledBy
53220,53225, 4f89d73c1dbf9d462000000a, 18468459a8a915045eaf9f035e7c4093af9e12de, 000a27231564fa881e9e9792734d1e8f4674ea21, KilledBy
53220,53225, 4f89d73c1dbf9d462000000a, 5e580e131711c0a9cfaeeba378107ed98b158244, 000a27231564fa881e9e9792734d1e8f4674ea21, KilledBy
53220,53225, 4f89d73c1dbf9d462000000a, 945a433aa7ba6b6b2e73d8ffa0c561c1f2e25e1e, 000a27231564fa881e9e9792734d1e8f4674ea21, KilledBy
53220,53225, 4f89d73c1dbf9d462000000a, 972957e8df3b3c84b2a5e2033fc5e08bca6faa2b, 000a27231564fa881e9e9792734d1e8f4674ea21, KilledBy
53220,53225, 4f89d73c1dbf9d462000000a, c1e079e1fd5b771e170e28f7703b5ae5acb20185, 000a27231564fa881e9e9792734d1e8f4674ea21, KilledBy
62580,62585, 4f89d73c1dbf9d462000000a, 5f7e94d3b1b15dda4d6687f2d981f6fa06628f63, 000a27231564fa881e9e9792734d1e8f4674ea21, Chat
63420,63425, 4f89d73c1dbf9d462000000a, 7b6faf20817b375b218416efb44f074e0d569098, 000a27231564fa881e9e9792734d1e8f4674ea21, KilledBy
63420,63425, 4f89d73c1dbf9d462000000a, de5d741e72220973f7dc37fd8242347a9a557354, 000a27231564fa881e9e9792734d1e8f4674ea21, KilledBy
63720,63730, 4f89d73c1dbf9d462000000a, 149c1fa8ae47afbfd817a1e2f01bf14c6125060f, 000a27231564fa881e9e9792734d1e8f4674ea21, Chat
63720,63735, 4f89d73c1dbf9d462000000a, b0fffff488f921cf48045ebbd1aa07b6db4710c9, 000a27231564fa881e9e9792734d1e8f4674ea21, Chat
63720,63740, 4f89d73c1dbf9d462000000a, e6669b553681befb0dfcdc63f7e239cd054296f6, 000a27231564fa881e9e9792734d1e8f4674ea21, Chat
63900,63905, 4f89d73c1dbf9d462000000a, 149c1fa8ae47afbfd817a1e2f01bf14c6125060f, 000a27231564fa881e9e9792734d1e8f4674ea21, Chat
64560,64565, 4f89d73c1dbf9d462000000a, d29f49fc36ae7c125dc51dee46e235a3923fb67a, 000a27231564fa881e9e9792734d1e8f4674ea21, Chat
64980,64985, 4f89d73c1dbf9d462000000a, 3f4e654262dba1186d0e14477ce63f9444574fc1, 000a27231564fa881e9e9792734d1e8f4674ea21, Chat
64980,64985, 4f89d73c1dbf9d462000000a, 51c63725a30809e0f232fd4581f5a8af9138ed5e, 000a27231564fa881e9e9792734d1e8f4674ea21, KilledBy
64980,64985, 4f89d73c1dbf9d462000000a, b3aa19612683a90cc48038d13fa3ed3f0ac5be53, 000a27231564fa881e9e9792734d1e8f4674ea21, KilledBy
64980,64985, 4f89d73c1dbf9d462000000a, d29f49fc36ae7c125dc51dee46e235a3923fb67a, 000a27231564fa881e9e9792734d1e8f4674ea21, Chat
65040,65045, 4f89d73c1dbf9d462000000a, 349070e9fa82afba25e0a5fcb3221404dbb4112f, 000a27231564fa881e9e9792734d1e8f4674ea21, KilledBy
65040,65045, 4f89d73c1dbf9d462000000a, 7d977d47a4946e1fc7bd7a55527e60fd81af9e0a, 000a27231564fa881e9e9792734d1e8f4674ea21, KilledBy
65040,65045, 4f89d73c1dbf9d462000000a, e35ecb1434080f16b7b1711caf2ab0b12cb614eb, 000a27231564fa881e9e9792734d1e8f4674ea21, KilledBy
65040,65045, 4f89d73c1dbf9d462000000a, f07c857f3e0368cc892cc0623a3460cddc451d66, 000a27231564fa881e9e9792734d1e8f4674ea21, Chat
65100,65105, 4f89d73c1dbf9d462000000a, 149c1fa8ae47afbfd817a1e2f01bf14c6125060f, 000a27231564fa881e9e9792734d1e8f4674ea21, Chat
65100,65105, 4f89d73c1dbf9d462000000a, 78d8058b8e5d2841447ec50b27386ba25b944579, 000a27231564fa881e9e9792734d1e8f4674ea21, KilledBy
65100,65105, 4f89d73c1dbf9d462000000a, a3072465b096a36e9b7d929a0aa1b39afe55d33b, 000a27231564fa881e9e9792734d1e8f4674ea21, KilledBy
65100,65105, 4f89d73c1dbf9d462000000a, e6669b553681befb0dfcdc63f7e239cd054296f6, 000a27231564fa881e9e9792734d1e8f4674ea21, Chat
65100,65105, 4f89d73c1dbf9d462000000a, ff22248164bd87deb3df340485d85ca27829894b, 000a27231564fa881e9e9792734d1e8f4674ea21, KilledBy
65100,65115, 4f89d73c1dbf9d462000000a, 49001ae3094f1c004ef2dd6582a5c554a29f099d, 000a27231564fa881e9e9792734d1e8f4674ea21, Chat
66420,66425, 4f89d73c1dbf9d462000000a, e7edd1939ea66ccf41184a879ec20a83b7d00068, 000a27231564fa881e9e9792734d1e8f4674ea21, Chat
66480,66485, 4f89d73c1dbf9d462000000a, 0d0b570efd182515f6ce453b9d7df4e4fd96153c, 000a27231564fa881e9e9792734d1e8f4674ea21, KilledBy
66480,66485, 4f89d73c1dbf9d462000000a, a3072465b096a36e9b7d929a0aa1b39afe55d33b, 000a27231564fa881e9e9792734d1e8f4674ea21, Chat
66480,66485, 4f89d73c1dbf9d462000000a, ba247bbcc36061dce28e360d9b33fe87c3b20555, 000a27231564fa881e9e9792734d1e8f4674ea21, Chat
66540,66550, 4f89d73c1dbf9d462000000a, b898d5b5b653faa7cb812060cd1c3525be3c7600, 000a27231564fa881e9e9792734d1e8f4674ea21, Chat
66540,66555, 4f89d73c1dbf9d462000000a, bf127c3e78306b77871925bca2bf87456a6408f4, 000a27231564fa881e9e9792734d1e8f4674ea21, Chat
66600,66605, 4f89d73c1dbf9d462000000a, 09c34800526a808b1c32102ebdedeef99d5e2708, 000a27231564fa881e9e9792734d1e8f4674ea21, KilledBy
66600,66605, 4f89d73c1dbf9d462000000a, 193d0e494437cc0f09afc6cc2a1897d661f81611, 000a27231564fa881e9e9792734d1e8f4674ea21, KilledBy
66600,66605, 4f89d73c1dbf9d462000000a, 2952c2a8060fb58af81f0017c521ac783a35f5c2, 000a27231564fa881e9e9792734d1e8f4674ea21, KilledBy
66600,66605, 4f89d73c1dbf9d462000000a, b03bb80e11e018a5b030bde252554ce93e470025, 000a27231564fa881e9e9792734d1e8f4674ea21, KilledBy
66600,66605, 4f89d73c1dbf9d462000000a, e41bead120bdcadf9980c48585eebc6b114e98bc, 000a27231564fa881e9e9792734d1e8f4674ea21, KilledBy
66600,66610, 4f89d73c1dbf9d462000000a, 369b9c31e11e4491f2bbc65c6d2afa651b42ba1b, 000a27231564fa881e9e9792734d1e8f4674ea21, KilledBy
66600,66610, 4f89d73c1dbf9d462000000a, e35ecb1434080f16b7b1711caf2ab0b12cb614eb, 000a27231564fa881e9e9792734d1e8f4674ea21, KilledBy
66660,66665, 4f89d73c1dbf9d462000000a, 40758ee4834f4c62e70cb402065aef2a390a8713, 000a27231564fa881e9e9792734d1e8f4674ea21, KilledBy
66660,66665, 4f89d73c1dbf9d462000000a, 5100c43a9ca29009c764a5e16672732b297e7ba2, 000a27231564fa881e9e9792734d1e8f4674ea21, Chat
66660,66665, 4f89d73c1dbf9d462000000a, bf16ab5916e2d9549be4e2c79621c2f3c45acd03, 000a27231564fa881e9e9792734d1e8f4674ea21, KilledBy
66660,66665, 4f89d73c1dbf9d462000000a, f96b437d37d87a3ff3be9c4eae091c95c104c78d, 000a27231564fa881e9e9792734d1e8f4674ea21, KilledBy
66660,66670, 4f89d73c1dbf9d462000000a, 9a53ea94f585aa33107a5c142b453cf791fc1b5a, 000a27231564fa881e9e9792734d1e8f4674ea21, KilledBy
67560,67565, 4f89d73c1dbf9d462000000a, 1377a54dffb81603e3b01421b1710a82686d3f7d, 000a27231564fa881e9e9792734d1e8f4674ea21, Chat
67560,67565, 4f89d73c1dbf9d462000000a, fe25e86a3db85374021c25f9ea89a770913b66fb, 000a27231564fa881e9e9792734d1e8f4674ea21, Chat
67560,67570, 4f89d73c1dbf9d462000000a, 3f4e654262dba1186d0e14477ce63f9444574fc1, 000a27231564fa881e9e9792734d1e8f4674ea21, Chat
67620,67625, 4f89d73c1dbf9d462000000a, 0b6427a093b86bfe70fa7d7d7d90b8f3fdf2a4a0, 000a27231564fa881e9e9792734d1e8f4674ea21, KilledBy
67860,67865, 4f89d73c1dbf9d462000000a, 257d2daaf409bb430d8c73faee97b11b305af763, 000a27231564fa881e9e9792734d1e8f4674ea21, KilledBy
67860,67865, 4f89d73c1dbf9d462000000a, 85ecd326772565a3df25682a84cc5be38a12033f, 000a27231564fa881e9e9792734d1e8f4674ea21, KilledBy
69000,69005, 4f89d73c1dbf9d462000000a, 3f4e654262dba1186d0e14477ce63f9444574fc1, 000a27231564fa881e9e9792734d1e8f4674ea21, Chat
69180,69185, 4f89d73c1dbf9d462000000a, 5100c43a9ca29009c764a5e16672732b297e7ba2, 000a27231564fa881e9e9792734d1e8f4674ea21, Chat
69180,69185, 4f89d73c1dbf9d462000000a, a74f55a41ee78fc5b841881c6ff2e6ba2a53fe02, 000a27231564fa881e9e9792734d1e8f4674ea21, Chat
69240,69245, 4f89d73c1dbf9d462000000a, 0fbdbeef4e74b76e2c141c1935ed754281231742, 000a27231564fa881e9e9792734d1e8f4674ea21, KilledBy
69240,69245, 4f89d73c1dbf9d462000000a, 5100c43a9ca29009c764a5e16672732b297e7ba2, 000a27231564fa881e9e9792734d1e8f4674ea21, Chat
69240,69245, 4f89d73c1dbf9d462000000a, 78d8058b8e5d2841447ec50b27386ba25b944579, 000a27231564fa881e9e9792734d1e8f4674ea21, Chat
69240,69245, 4f89d73c1dbf9d462000000a, 84d7f10be339332ee8f1ee567c4c94a64d0850ac, 000a27231564fa881e9e9792734d1e8f4674ea21, KilledBy
69240,69245, 4f89d73c1dbf9d462000000a, 9a53ea94f585aa33107a5c142b453cf791fc1b5a, 000a27231564fa881e9e9792734d1e8f4674ea21, KilledBy
69240,69250, 4f89d73c1dbf9d462000000a, 5042e9970b6275cdf1bff546d75e7357bf1acd75, 000a27231564fa881e9e9792734d1e8f4674ea21, KilledBy
69300,69305, 4f89d73c1dbf9d462000000a, 0cc045698e63ed3fb2719ae11f6fe34b9dce98fd, 000a27231564fa881e9e9792734d1e8f4674ea21, KilledBy
69300,69305, 4f89d73c1dbf9d462000000a, 243d86a3875743d1c744983edcc32104847b3c27, 000a27231564fa881e9e9792734d1e8f4674ea21, KilledBy
69300,69305, 4f89d73c1dbf9d462000000a, 369b9c31e11e4491f2bbc65c6d2afa651b42ba1b, 000a27231564fa881e9e9792734d1e8f4674ea21, Chat
69300,69305, 4f89d73c1dbf9d462000000a, 369b9c31e11e4491f2bbc65c6d2afa651b42ba1b, 000a27231564fa881e9e9792734d1e8f4674ea21, KilledBy
69300,69305, 4f89d73c1dbf9d462000000a, 7e56595b2a35c3cb01365eea0ebf6c9ffe40896f, 000a27231564fa881e9e9792734d1e8f4674ea21, KilledBy
69360,69365, 4f89d73c1dbf9d462000000a, 7b6faf20817b375b218416efb44f074e0d569098, 000a27231564fa881e9e9792734d1e8f4674ea21, KilledBy
69360,69365, 4f89d73c1dbf9d462000000a, 945a433aa7ba6b6b2e73d8ffa0c561c1f2e25e1e, 000a27231564fa881e9e9792734d1e8f4674ea21, KilledBy
70440,70445, 4f89d73c1dbf9d462000000a, 43f92be9b022d8737fc74facbc7fd1cb85382478, 000a27231564fa881e9e9792734d1e8f4674ea21, KilledBy
70440,70445, 4f89d73c1dbf9d462000000a, 4d7b71b0f36c3b0b44555f84bad8267fc0cea329, 000a27231564fa881e9e9792734d1e8f4674ea21, KilledBy
70440,70445, 4f89d73c1dbf9d462000000a, 69125612231b694d26abb35eab0a9cda2c1bebe7, 000a27231564fa881e9e9792734d1e8f4674ea21, KilledBy
70440,70445, 4f89d73c1dbf9d462000000a, 78d8058b8e5d2841447ec50b27386ba25b944579, 000a27231564fa881e9e9792734d1e8f4674ea21, Chat
70440,70445, 4f89d73c1dbf9d462000000a, 7e56595b2a35c3cb01365eea0ebf6c9ffe40896f, 000a27231564fa881e9e9792734d1e8f4674ea21, KilledBy
70440,70445, 4f89d73c1dbf9d462000000a, 99a853ca86d55f03d6d082e8a25f3552c924c2d1, 000a27231564fa881e9e9792734d1e8f4674ea21, Chat
70440,70445, 4f89d73c1dbf9d462000000a, b2fc0683292d544da76f3620aa9b4c7e9686a4f5, 000a27231564fa881e9e9792734d1e8f4674ea21, KilledBy
70500,70505, 4f89d73c1dbf9d462000000a, b898d5b5b653faa7cb812060cd1c3525be3c7600, 000a27231564fa881e9e9792734d1e8f4674ea21, Chat
70500,70510, 4f89d73c1dbf9d462000000a, 78d8058b8e5d2841447ec50b27386ba25b944579, 000a27231564fa881e9e9792734d1e8f4674ea21, Chat
71040,71045, 4f89d73c1dbf9d462000000a, 5f7e94d3b1b15dda4d6687f2d981f6fa06628f63, 000a27231564fa881e9e9792734d1e8f4674ea21, Chat
71040,71045, 4f89d73c1dbf9d462000000a, e7edd1939ea66ccf41184a879ec20a83b7d00068, 000a27231564fa881e9e9792734d1e8f4674ea21, Chat
71040,71045, 4f89d73c1dbf9d462000000a, f50d36c32dab4e01ddfc80c9b1ddd4a0a5f3b622, 000a27231564fa881e9e9792734d1e8f4674ea21, KilledBy
71040,71050, 4f89d73c1dbf9d462000000a, 8289c1d2436f3c8355316d39c131ebf954bd4da7, 000a27231564fa881e9e9792734d1e8f4674ea21, Chat
71820,71825, 4f89d73c1dbf9d462000000a, 067a5fb12d4c18e6a94b0e745326b0809cff6807, 000a27231564fa881e9e9792734d1e8f4674ea21, KilledBy
71820,71825, 4f89d73c1dbf9d462000000a, 5da53be172c898cffaad08df08d21e915ada60da, 000a27231564fa881e9e9792734d1e8f4674ea21, KilledBy
71820,71825, 4f89d73c1dbf9d462000000a, 78d8058b8e5d2841447ec50b27386ba25b944579, 000a27231564fa881e9e9792734d1e8f4674ea21, Chat
71820,71825, 4f89d73c1dbf9d462000000a, 7b6faf20817b375b218416efb44f074e0d569098, 000a27231564fa881e9e9792734d1e8f4674ea21, KilledBy
71820,71825, 4f89d73c1dbf9d462000000a, bfaa76c18933de62311c3284efba12c7c8966907, 000a27231564fa881e9e9792734d1e8f4674ea21, Chat
71880,71885, 4f89d73c1dbf9d462000000a, a796037e0ebd0670d8e941a2273f7e4304c0abc7, 000a27231564fa881e9e9792734d1e8f4674ea21, Chat
71880,71885, 4f89d73c1dbf9d462000000a, b7bb2be40564849ec825a3deeec033cf3083c074, 000a27231564fa881e9e9792734d1e8f4674ea21, KilledBy
73320,73325, 4f89d73c1dbf9d462000000a, b8922e333cc26621452bd9b2648c6606e9b36389, 000a27231564fa881e9e9792734d1e8f4674ea21, Chat
73320,73325, 4f89d73c1dbf9d462000000a, ba247bbcc36061dce28e360d9b33fe87c3b20555, 000a27231564fa881e9e9792734d1e8f4674ea21, Chat
73380,73385, 4f89d73c1dbf9d462000000a, ab80c09e78cb76254cb1d8ff16bc9c4c5172a678, 000a27231564fa881e9e9792734d1e8f4674ea21, Chat
73860,73865, 4f89d73c1dbf9d462000000a, 78d8058b8e5d2841447ec50b27386ba25b944579, 000a27231564fa881e9e9792734d1e8f4674ea21, Chat
73860,73870, 4f89d73c1dbf9d462000000a, 8289c1d2436f3c8355316d39c131ebf954bd4da7, 000a27231564fa881e9e9792734d1e8f4674ea21, Chat
74640,74655, 4f89d73c1dbf9d462000000a, 34441d38ccf4de01fe3e8820b3fab63a7463a45c, 000a27231564fa881e9e9792734d1e8f4674ea21, Chat
74700,74705, 4f89d73c1dbf9d462000000a, 1181e73df984e36a3f43a589c76f47efc180198e, 000a27231564fa881e9e9792734d1e8f4674ea21, KilledBy
74700,74705, 4f89d73c1dbf9d462000000a, c2349ddd718dbdd9fc37aad20181a7f9ef00f0d7, 000a27231564fa881e9e9792734d1e8f4674ea21, KilledBy
74760,74765, 4f89d73c1dbf9d462000000a, 34441d38ccf4de01fe3e8820b3fab63a7463a45c, 000a27231564fa881e9e9792734d1e8f4674ea21, Chat
74760,74765, 4f89d73c1dbf9d462000000a, 3b7ec1fa48d078fae627a958ea3c3e9c58b4ed1f, 000a27231564fa881e9e9792734d1e8f4674ea21, Chat
75120,75125, 4f89d73c1dbf9d462000000a, 2cd08e55df73d58e2030db08c96f76c7c0b604fa, 000a27231564fa881e9e9792734d1e8f4674ea21, KilledBy
75120,75125, 4f89d73c1dbf9d462000000a, 2d7df914568a41c15a62e93aa8e7610fc8fecf50, 000a27231564fa881e9e9792734d1e8f4674ea21, KilledBy
75120,75125, 4f89d73c1dbf9d462000000a, 393c94095ecf705750d2dfc8939b7b5340cb64d2, 000a27231564fa881e9e9792734d1e8f4674ea21, KilledBy
75120,75125, 4f89d73c1dbf9d462000000a, 9df9d040174d1319a9662008313278740b69a38e, 000a27231564fa881e9e9792734d1e8f4674ea21, Chat
75120,75125, 4f89d73c1dbf9d462000000a, ee2d4641f90234f83c49aac0e3dbd6f46c15f457, 000a27231564fa881e9e9792734d1e8f4674ea21, Chat
75180,75185, 4f89d73c1dbf9d462000000a, 38ffb6c72c8c7761d867624aa5f4b3e97032d473, 000a27231564fa881e9e9792734d1e8f4674ea21, Chat
75180,75185, 4f89d73c1dbf9d462000000a, 3b7ec1fa48d078fae627a958ea3c3e9c58b4ed1f, 000a27231564fa881e9e9792734d1e8f4674ea21, Chat
75180,75185, 4f89d73c1dbf9d462000000a, 51c63725a30809e0f232fd4581f5a8af9138ed5e, 000a27231564fa881e9e9792734d1e8f4674ea21, KilledBy
75180,75185, 4f89d73c1dbf9d462000000a, fbc7eaa27b036353677e72e89e730bae3c854c16, 000a27231564fa881e9e9792734d1e8f4674ea21, KilledBy
75240,75245, 4f89d73c1dbf9d462000000a, b898d5b5b653faa7cb812060cd1c3525be3c7600, 000a27231564fa881e9e9792734d1e8f4674ea21, Chat
75420,75425, 4f89d73c1dbf9d462000000a, 183cd127a5e7527185d92f1f977ee424b584c093, 000a27231564fa881e9e9792734d1e8f4674ea21, KilledBy
75420,75425, 4f89d73c1dbf9d462000000a, 934f78045d72bfd295489a42576d121275e882b7, 000a27231564fa881e9e9792734d1e8f4674ea21, KilledBy
75420,75425, 4f89d73c1dbf9d462000000a, 9e6766ba2f06f34b1efe104230d4fb08d391d4b0, 000a27231564fa881e9e9792734d1e8f4674ea21, KilledBy
75420,75425, 4f89d73c1dbf9d462000000a, b2a0c5a3c21486c421ad536f5045f1694f589c34, 000a27231564fa881e9e9792734d1e8f4674ea21, KilledBy
75420,75425, 4f89d73c1dbf9d462000000a, b3aa19612683a90cc48038d13fa3ed3f0ac5be53, 000a27231564fa881e9e9792734d1e8f4674ea21, KilledBy
75420,75430, 4f89d73c1dbf9d462000000a, ff22248164bd87deb3df340485d85ca27829894b, 000a27231564fa881e9e9792734d1e8f4674ea21, KilledBy
75420,75435, 4f89d73c1dbf9d462000000a, fbc7eaa27b036353677e72e89e730bae3c854c16, 000a27231564fa881e9e9792734d1e8f4674ea21, Chat
75480,75485, 4f89d73c1dbf9d462000000a, bfaa76c18933de62311c3284efba12c7c8966907, 000a27231564fa881e9e9792734d1e8f4674ea21, Chat
75480,75485, 4f89d73c1dbf9d462000000a, fb52e77ebe1fb3afa514b993fadce75fbaf317df, 000a27231564fa881e9e9792734d1e8f4674ea21, Chat
76140,76145, 4f89d73c1dbf9d462000000a, fdd1d75f9880b2796b9f24aa44e74df5de2a9a36, 000a27231564fa881e9e9792734d1e8f4674ea21, KilledBy
76140,76150, 4f89d73c1dbf9d462000000a, 536c029e28fd4afb94f5bc6f138ed3d964f183c6, 000a27231564fa881e9e9792734d1e8f4674ea21, KilledBy
76200,76205, 4f89d73c1dbf9d462000000a, 3b7ec1fa48d078fae627a958ea3c3e9c58b4ed1f, 000a27231564fa881e9e9792734d1e8f4674ea21, Chat
76200,76205, 4f89d73c1dbf9d462000000a, 3f4e654262dba1186d0e14477ce63f9444574fc1, 000a27231564fa881e9e9792734d1e8f4674ea21, Chat
76200,76205, 4f89d73c1dbf9d462000000a, 9a62ce539f8f3ea6049e8f41d48698f7c362e7b9, 000a27231564fa881e9e9792734d1e8f4674ea21, KilledBy
76200,76205, 4f89d73c1dbf9d462000000a, a3072465b096a36e9b7d929a0aa1b39afe55d33b, 000a27231564fa881e9e9792734d1e8f4674ea21, Chat
76260,76265, 4f89d73c1dbf9d462000000a, 38ffb6c72c8c7761d867624aa5f4b3e97032d473, 000a27231564fa881e9e9792734d1e8f4674ea21, Chat
76440,76445, 4f89d73c1dbf9d462000000a, 645710a053a7815b4df44e0996b0d507f4e562c9, 000a27231564fa881e9e9792734d1e8f4674ea21, KilledBy
76440,76445, 4f89d73c1dbf9d462000000a, ee2d4641f90234f83c49aac0e3dbd6f46c15f457, 000a27231564fa881e9e9792734d1e8f4674ea21, Chat
76500,76505, 4f89d73c1dbf9d462000000a, 3e3319a1f5604f65fec5d9ef656a864c8254ce82, 000a27231564fa881e9e9792734d1e8f4674ea21, KilledBy
76500,76505, 4f89d73c1dbf9d462000000a, 51c63725a30809e0f232fd4581f5a8af9138ed5e, 000a27231564fa881e9e9792734d1e8f4674ea21, KilledBy
76500,76505, 4f89d73c1dbf9d462000000a, 5ab56d0a254db8dd0e14cd0b18409ded8dc1ae27, 000a27231564fa881e9e9792734d1e8f4674ea21, KilledBy
76500,76505, 4f89d73c1dbf9d462000000a, 90aa007a52788c3e350e5c8b46506e2a2362f077, 000a27231564fa881e9e9792734d1e8f4674ea21, KilledBy
76500,76505, 4f89d73c1dbf9d462000000a, d989d8d3e6df4c0361a7bf711244a343a08b0a39, 000a27231564fa881e9e9792734d1e8f4674ea21, KilledBy
76500,76505, 4f89d73c1dbf9d462000000a, ee2d4641f90234f83c49aac0e3dbd6f46c15f457, 000a27231564fa881e9e9792734d1e8f4674ea21, Chat
76680,76685, 4f89d73c1dbf9d462000000a, ee2d4641f90234f83c49aac0e3dbd6f46c15f457, 000a27231564fa881e9e9792734d1e8f4674ea21, Chat
76680,76690, 4f89d73c1dbf9d462000000a, 99a853ca86d55f03d6d082e8a25f3552c924c2d1, 000a27231564fa881e9e9792734d1e8f4674ea21, Chat
77520,77525, 4f89d73c1dbf9d462000000a, fbc7eaa27b036353677e72e89e730bae3c854c16, 000a27231564fa881e9e9792734d1e8f4674ea21, Chat
77640,77650, 4f89d73c1dbf9d462000000a, 1a14dbfdd9f3713a358b1499f82862c6d9bb203d, 000a27231564fa881e9e9792734d1e8f4674ea21, Chat
77700,77705, 4f89d73c1dbf9d462000000a, 1a14dbfdd9f3713a358b1499f82862c6d9bb203d, 000a27231564fa881e9e9792734d1e8f4674ea21, Chat
77760,77765, 4f89d73c1dbf9d462000000a, b259b837dab43bd61d613cf0de3a73bb2028669f, 000a27231564fa881e9e9792734d1e8f4674ea21, KilledBy
77760,77765, 4f89d73c1dbf9d462000000a, ee7784449a71cc9515ec63d20d61f18a77f4a574, 000a27231564fa881e9e9792734d1e8f4674ea21, KilledBy
78060,78065, 4f89d73c1dbf9d462000000a, 3f4e654262dba1186d0e14477ce63f9444574fc1, 000a27231564fa881e9e9792734d1e8f4674ea21, Chat
78360,78365, 4f89d73c1dbf9d462000000a, 08dd21605ea52213da8f300f8c15a5e0a7ec3eef, 000a27231564fa881e9e9792734d1e8f4674ea21, Chat
78360,78380, 4f89d73c1dbf9d462000000a, ba247bbcc36061dce28e360d9b33fe87c3b20555, 000a27231564fa881e9e9792734d1e8f4674ea21, Chat
79020,79025, 4f89d73c1dbf9d462000000a, 1377a54dffb81603e3b01421b1710a82686d3f7d, 000a27231564fa881e9e9792734d1e8f4674ea21, KilledBy
79020,79025, 4f89d73c1dbf9d462000000a, 17bbfaa55839e9a5c8acf4ec09039a7327ad982d, 000a27231564fa881e9e9792734d1e8f4674ea21, KilledBy
79020,79025, 4f89d73c1dbf9d462000000a, 30e2a17f2d3ee26a740add82f954dc71a413f8cb, 000a27231564fa881e9e9792734d1e8f4674ea21, KilledBy
79020,79025, 4f89d73c1dbf9d462000000a, 390a67c14751fef3e7a31ceb0675705a2bb94b55, 000a27231564fa881e9e9792734d1e8f4674ea21, KilledBy
79020,79025, 4f89d73c1dbf9d462000000a, 3e3319a1f5604f65fec5d9ef656a864c8254ce82, 000a27231564fa881e9e9792734d1e8f4674ea21, KilledBy
79020,79025, 4f89d73c1dbf9d462000000a, 66b97d2f133ed5ba98235a6a0a4361cef23a53ac, 000a27231564fa881e9e9792734d1e8f4674ea21, KilledBy
79020,79025, 4f89d73c1dbf9d462000000a, 9a64e935b0e5c4518dc2f02f8cbf08d592cc8aca, 000a27231564fa881e9e9792734d1e8f4674ea21, KilledBy
79020,79025, 4f89d73c1dbf9d462000000a, a7d4b1386bc7735c5fb3359638a3e74acc350e92, 000a27231564fa881e9e9792734d1e8f4674ea21, KilledBy
80400,80405, 4f89d73c1dbf9d462000000a, 0bec1701d9fe9f4f21e069fe1e9578351f2afc90, 000a27231564fa881e9e9792734d1e8f4674ea21, KilledBy
80400,80405, 4f89d73c1dbf9d462000000a, 5aa1bd1cb25ca3e4dabbebe1ba3ac61b3152bb0d, 000a27231564fa881e9e9792734d1e8f4674ea21, KilledBy
80520,80525, 4f89d73c1dbf9d462000000a, b898d5b5b653faa7cb812060cd1c3525be3c7600, 000a27231564fa881e9e9792734d1e8f4674ea21, KilledBy
80520,80530, 4f89d73c1dbf9d462000000a, 1377a54dffb81603e3b01421b1710a82686d3f7d, 000a27231564fa881e9e9792734d1e8f4674ea21, KilledBy
80580,80585, 4f89d73c1dbf9d462000000a, 74ee9a2c13e0a09168bb1f90143dc947f215b03a, 000a27231564fa881e9e9792734d1e8f4674ea21, KilledBy
80580,80585, 4f89d73c1dbf9d462000000a, 8efe2e65d9a93faa43e37fd6563a032fe020ddb8, 000a27231564fa881e9e9792734d1e8f4674ea21, KilledBy
44820,44821, 50aaebde1dbf9d5064000005, e4ce06bd5dff7faafc7adae767fbccc1d6b7891f, 000bc81ed63c7e8600f5fcc43cf40795e50bf1c8, KilledBy
44940,44941, 50aaebde1dbf9d5064000005, 3194e3ede3b8ec77ef12070f3ba51f329c44298a, 000bc81ed63c7e8600f5fcc43cf40795e50bf1c8, Chat
44940,44941, 50aaebde1dbf9d5064000005, aa13e7b009c0c2b19cffd08a3aa84784e3cf460b, 000bc81ed63c7e8600f5fcc43cf40795e50bf1c8, Chat
53280,53282, 50aaebde1dbf9d5064000005, 04a515c4d010e2f4bc99dca845b56f2e8ca02239, 000bc81ed63c7e8600f5fcc43cf40795e50bf1c8, Chat
53340,53342, 50aaebde1dbf9d5064000005, 04a515c4d010e2f4bc99dca845b56f2e8ca02239, 000bc81ed63c7e8600f5fcc43cf40795e50bf1c8, Chat
56100,56102, 50aaebde1dbf9d5064000005, 4a922814adbb9107d075b7de4821dd5488195a3b, 000bc81ed63c7e8600f5fcc43cf40795e50bf1c8, Chat
57900,57901, 50aaebde1dbf9d5064000005, 7033873ffd0fda18692ac7121eb2064cce9cb037, 000bc81ed63c7e8600f5fcc43cf40795e50bf1c8, Chat
60300,60301, 50aaebde1dbf9d5064000005, b9a285260eda4818d5a44cd574a7c46d3916b5c7, 000bc81ed63c7e8600f5fcc43cf40795e50bf1c8, KilledBy
60300,60301, 50aaebde1dbf9d5064000005, ff5ae1816686597581c8faac24e5d97c481ec3af, 000bc81ed63c7e8600f5fcc43cf40795e50bf1c8, KilledBy
60360,60361, 50aaebde1dbf9d5064000005, 3087585770b9107b349186d714f857b450ed7fb8, 000bc81ed63c7e8600f5fcc43cf40795e50bf1c8, KilledBy
60600,60601, 50aaebde1dbf9d5064000005, 04a515c4d010e2f4bc99dca845b56f2e8ca02239, 000bc81ed63c7e8600f5fcc43cf40795e50bf1c8, Chat
62220,62222, 50aaebde1dbf9d5064000005, 69bd05872f204c2914df1b92645a741595b73d7b, 000bc81ed63c7e8600f5fcc43cf40795e50bf1c8, Chat
64620,64621, 50aaebde1dbf9d5064000005, 04a515c4d010e2f4bc99dca845b56f2e8ca02239, 000bc81ed63c7e8600f5fcc43cf40795e50bf1c8, Chat
66120,66121, 50aaebde1dbf9d5064000005, 09d73c668548fa96f14b0c272df368a35141380b, 000bc81ed63c7e8600f5fcc43cf40795e50bf1c8, KilledBy
78000,78001, 50aaebde1dbf9d5064000005, 04a515c4d010e2f4bc99dca845b56f2e8ca02239, 000bc81ed63c7e8600f5fcc43cf40795e50bf1c8, Chat
,,,,,
,,,,,
,,,,,
,,,,,
,,,,,
,,,,,
,,,,,
,,,,,
,,,,,
,,,,,
,,,,,
,,,,,
,,,,,
,,,,,
,,,,,
,,,,,
,,,,,
,,,,,
,,,,,
,,,,,
,,,,,
,,,,,
,,,,,
,,,,,
,,,,,
,,,,,
,,,,,
,,,,,
,,,,,
,,,,,
,,,,,
,,,,,
,,,,,
,,,,,
,,,,,
,,,,,
,,,,,
,,,,,
,,,,,
,,,,,
,,,,,
,,,,,
,,,,,
,,,,,
,,,,,
,,,,,
,,,,,
,,,,,
,,,,,
,,,,,
,,,,,
,,,,,
,,,,,
,,,,,
,,,,,
,,,,,
,,,,,
,,,,,
,,,,,
,,,,,
,,,,,
,,,,,
,,,,,
,,,,,
,,,,,
,,,,,
,,,,,
,,,,,
,,,,,
,,,,,
,,,,,
,,,,,
,,,,,
,,,,,
,,,,,
,,,,,
,,,,,
,,,,,
,,,,,
,,,,,
,,,,,
,,,,,
,,,,,
,,,,,
,,,,,
,,,,,
,,,,,
,,,,,
,,,,,
,,,,,
,,,,,
,,,,,
,,,,,
,,,,,
,,,,,
,,,,,
,,,,,
,,,,,
,,,,,
,,,,,
,,,,,
,,,,,
,,,,,
,,,,,
,,,,,
,,,,,
,,,,,
,,,,,
,,,,,
,,,,,
,,,,,
,,,,,
,,,,,
,,,,,
,,,,,
,,,,,
,,,,,
,,,,,
,,,,,
,,,,,
,,,,,
,,,,,
,,,,,
,,,,,
,,,,,
,,,,,
,,,,,
,,,,,
,,,,,
,,,,,
,,,,,
,,,,,
,,,,,
,,,,,
,,,,,
,,,,,
,,,,,
,,,,,
,,,,,
,,,,,
,,,,,
,,,,,
,,,,,
,,,,,
,,,,,
,,,,,
,,,,,
,,,,,
,,,,,
,,,,,
,,,,,
,,,,,
,,,,,
,,,,,
,,,,,
,,,,,
,,,,,
,,,,,
,,,,,
,,,,,
,,,,,
,,,,,
,,,,,
,,,,,
,,,,,
,,,,,
,,,,,
,,,,,
,,,,,
,,,,,
,,,,,
,,,,,
,,,,,
,,,,,
,,,,,
,,,,,
,,,,,
,,,,,
,,,,,
,,,,,
,,,,,
,,,,,
,,,,,
,,,,,
,,,,,
,,,,,
,,,,,
,,,,,
,,,,,
,,,,,
,,,,,
,,,,,
,,,,,
,,,,,
,,,,,
,,,,,
,,,,,
,,,,,
,,,,,
,,,,,
,,,,,
,,,,,
,,,,,
,,,,,
,,,,,
,,,,,
,,,,,
,,,,,
,,,,,
,,,,,
,,,,,
,,,,,
,,,,,
,,,,,
,,,,,
,,,,,
,,,,,
,,,,,
,,,,,
,,,,,
,,,,,
,,,,,
,,,,,
,,,,,
,,,,,
,,,,,
,,,,,
,,,,,
,,,,,
,,,,,
,,,,,
,,,,,
,,,,,
,,,,,
,,,,,
,,,,,
,,,,,
,,,,,
,,,,,
,,,,,
,,,,,
,,,,,
,,,,,
,,,,,
,,,,,
,,,,,
,,,,,
,,,,,
,,,,,
,,,,,
,,,,,
,,,,,
,,,,,
,,,,,
,,,,,
,,,,,
,,,,,
,,,,,
,,,,,
,,,,,
,,,,,
,,,,,
,,,,,
,,,,,
,,,,,
,,,,,
,,,,,
,,,,,
,,,,,
,,,,,
,,,,,
,,,,,
,,,,,
,,,,,
,,,,,
,,,,,
,,,,,
,,,,,
,,,,,
,,,,,
,,,,,
,,,,,
,,,,,
,,,,,
,,,,,
,,,,,
,,,,,
,,,,,
,,,,,
,,,,,
,,,,,
,,,,,
,,,,,
,,,,,
,,,,,
,,,,,
,,,,,
,,,,,
,,,,,
,,,,,
,,,,,
,,,,,
,,,,,
,,,,,
,,,,,
,,,,,
,,,,,
,,,,,
,,,,,
,,,,,
,,,,,
,,,,,
,,,,,
,,,,,
,,,,,
,,,,,
,,,,,
,,,,,
,,,,,
,,,,,
,,,,,
,,,,,
,,,,,
,,,,,
,,,,,
,,,,,
,,,,,
,,,,,
,,,,,
,,,,,
,,,,,
,,,,,
,,,,,
,,,,,
,,,,,
,,,,,
,,,,,
,,,,,
,,,,,
,,,,,
,,,,,
,,,,,
,,,,,
,,,,,
,,,,,
,,,,,
,,,,,
,,,,,
,,,,,
,,,,,
,,,,,
,,,,,
,,,,,
,,,,,
,,,,,
,,,,,
,,,,,
,,,,,
,,,,,
,,,,,
,,,,,
,,,,,
,,,,,
,,,,,
,,,,,
,,,,,
,,,,,
,,,,,
,,,,,
,,,,,
,,,,,
,,,,,
,,,,,
,,,,,
,,,,,
,,,,,
,,,,,
,,,,,
,,,,,
,,,,,
,,,,,
,,,,,
,,,,,
,,,,,
,,,,,
,,,,,
,,,,,
,,,,,
,,,,,
,,,,,
,,,,,
,,,,,
,,,,,
,,,,,
,,,,,
,,,,,
,,,,,
,,,,,
,,,,,
,,,,,
,,,,,
,,,,,
,,,,,
,,,,,
,,,,,
,,,,,
,,,,,
,,,,,
,,,,,
,,,,,
,,,,,
,,,,,
,,,,,
,,,,,
,,,,,
,,,,,
,,,,,
,,,,,
,,,,,
,,,,,
,,,,,
,,,,,
,,,,,
,,,,,
,,,,,
,,,,,
,,,,,
,,,,,
,,,,,
,,,,,
,,,,,
,,,,,
,,,,,
,,,,,
,,,,,
,,,,,
,,,,,
,,,,,
,,,,,
,,,,,
,,,,,
,,,,,
,,,,,
,,,,,
,,,,,
,,,,,
,,,,,
,,,,,
,,,,,
,,,,,
,,,,,
,,,,,
,,,,,
,,,,,
,,,,,
,,,,,
,,,,,
,,,,,
,,,,,
,,,,,
,,,,,
,,,,,
,,,,,
,,,,,
,,,,,
,,,,,
,,,,,
,,,,,
,,,,,
,,,,,
,,,,,
,,,,,
,,,,,
,,,,,
,,,,,
,,,,,
,,,,,
,,,,,
,,,,,
,,,,,
,,,,,
,,,,,
,,,,,
,,,,,
,,,,,
,,,,,
,,,,,
,,,,,
,,,,,
,,,,,
,,,,,
,,,,,
,,,,,
,,,,,
,,,,,
,,,,,
,,,,,
,,,,,
,,,,,
,,,,,
,,,,,
,,,,,
,,,,,
,,,,,
,,,,,
,,,,,
,,,,,
,,,,,
,,,,,
,,,,,
,,,,,
,,,,,
,,,,,
,,,,,
,,,,,
,,,,,
,,,,,
,,,,,
,,,,,
,,,,,
,,,,,
,,,,,
,,,,,
,,,,,
,,,,,
,,,,,
,,,,,
,,,,,
,,,,,
,,,,,
,,,,,
,,,,,
,,,,,
,,,,,
,,,,,
,,,,,
,,,,,
,,,,,
,,,,,
,,,,,
,,,,,
,,,,,
,,,,,
,,,,,
,,,,,
,,,,,
,,,,,
,,,,,
,,,,,
,,,,,
,,,,,
,,,,,
,,,,,
,,,,,
,,,,,
,,,,,
,,,,,
,,,,,
,,,,,
,,,,,
,,,,,
,,,,,
,,,,,
,,,,,
,,,,,
,,,,,
,,,,,
,,,,,
,,,,,
,,,,,
,,,,,
,,,,,
,,,,,
,,,,,
,,,,,
,,,,,
,,,,,
,,,,,
,,,,,
,,,,,
,,,,,
,,,,,
,,,,,
,,,,,
,,,,,
,,,,,
,,,,,
,,,,,
,,,,,
,,,,,
,,,,,
,,,,,
,,,,,
,,,,,
,,,,,
,,,,,
,,,,,
,,,,,
,,,,,
,,,,,
,,,,,
,,,,,
,,,,,
,,,,,
,,,,,
,,,,,
,,,,,
,,,,,
,,,,,
,,,,,
,,,,,
,,,,,
,,,,,
,,,,,
,,,,,
,,,,,
,,,,,
,,,,,
,,,,,
,,,,,
,,,,,
,,,,,
,,,,,
,,,,,
,,,,,
,,,,,
,,,,,
,,,,,
,,,,,
,,,,,
,,,,,
,,,,,
,,,,,
,,,,,
,,,,,
,,,,,
,,,,,
,,,,,
,,,,,
,,,,,
,,,,,
,,,,,
,,,,,
,,,,,
,,,,,
,,,,,
,,,,,
,,,,,
,,,,,
,,,,,
,,,,,
,,,,,
,,,,,
,,,,,
,,,,,
,,,,,
,,,,,
,,,,,
,,,,,
,,,,,
,,,,,
,,,,,
,,,,,
,,,,,
,,,,,
,,,,,
,,,,,
,,,,,
,,,,,
,,,,,
,,,,,
,,,,,
,,,,,
,,,,,
,,,,,
,,,,,
,,,,,
,,,,,
,,,,,
,,,,,
,,,,,
,,,,,
,,,,,
,,,,,
,,,,,
,,,,,
,,,,,
,,,,,
,,,,,
,,,,,
,,,,,
,,,,,
,,,,,
,,,,,
,,,,,
,,,,,
,,,,,
,,,,,
,,,,,
,,,,,
,,,,,
,,,,,
,,,,,
,,,,,
,,,,,
,,,,,
,,,,,
,,,,,
,,,,,
,,,,,
,,,,,
,,,,,
,,,,,
,,,,,
,,,,,
,,,,,
,,,,,
,,,,,
,,,,,
,,,,,
,,,,,
,,,,,
,,,,,
,,,,,
,,,,,
,,,,,
,,,,,
,,,,,
,,,,,
,,,,,
,,,,,
,,,,,
,,,,,
,,,,,
,,,,,
,,,,,
,,,,,
,,,,,
,,,,,
,,,,,
,,,,,
,,,,,
,,,,,
,,,,,
,,,,,
,,,,,
,,,,,
,,,,,
,,,,,
,,,,,
,,,,,
,,,,,
,,,,,
,,,,,
,,,,,
,,,,,
,,,,,
,,,,,
,,,,,
,,,,,
,,,,,
,,,,,
,,,,,
,,,,,
,,,,,
,,,,,
,,,,,
,,,,,
,,,,,
,,,,,
,,,,,
,,,,,
,,,,,
,,,,,
,,,,,
,,,,,
,,,,,
,,,,,
,,,,,
,,,,,
,,,,,
,,,,,
,,,,,
,,,,,
,,,,,
,,,,,
,,,,,
,,,,,
,,,,,
,,,,,
,,,,,
,,,,,
,,,,,
,,,,,
,,,,,
,,,,,
,,,,,
,,,,,
,,,,,
,,,,,
,,,,,
,,,,,
,,,,,
,,,,,
,,,,,
,,,,,
,,,,,
,,,,,
,,,,,
,,,,,
,,,,,
,,,,,
,,,,,
,,,,,
,,,,,
,,,,,
,,,,,
,,,,,
,,,,,
,,,,,
,,,,,
,,,,,
,,,,,
,,,,,
,,,,,
,,,,,
,,,,,
,,,,,
,,,,,
,,,,,
,,,,,
,,,,,
,,,,,
,,,,,
,,,,,
,,,,,
,,,,,
,,,,,
,,,,,
,,,,,
,,,,,
,,,,,
,,,,,
,,,,,
,,,,,
,,,,,
,,,,,
,,,,,
,,,,,
,,,,,
,,,,,
,,,,,
,,,,,
,,,,,
,,,,,
,,,,,
,,,,,
,,,,,
,,,,,
,,,,,
,,,,,
,,,,,
,,,,,
,,,,,
,,,,,
,,,,,
,,,,,
,,,,,
,,,,,
,,,,,
,,,,,
,,,,,
,,,,,
,,,,,
,,,,,
,,,,,
,,,,,
,,,,,
,,,,,
,,,,,
,,,,,
,,,,,
,,,,,
,,,,,
,,,,,
,,,,,
,,,,,
,,,,,
,,,,,
,,,,,
,,,,,
,,,,,
,,,,,
,,,,,
,,,,,
,,,,,
,,,,,
,,,,,
,,,,,
,,,,,
,,,,,
,,,,,
,,,,,
,,,,,
,,,,,
,,,,,
,,,,,
,,,,,
,,,,,
,,,,,
,,,,,
,,,,,
,,,,,
,,,,,
,,,,,
,,,,,
,,,,,
,,,,,
,,,,,
,,,,,
,,,,,
,,,,,
,,,,,
,,,,,
,,,,,
,,,,,
,,,,,
,,,,,
,,,,,
,,,,,
,,,,,
,,,,,
,,,,,
,,,,,
,,,,,
,,,,,
,,,,,
,,,,,
,,,,,
,,,,,
,,,,,
,,,,,
,,,,,
,,,,,
,,,,,
,,,,,
,,,,,
,,,,,
,,,,,
,,,,,
,,,,,
,,,,,
,,,,,
,,,,,
,,,,,
,,,,,
,,,,,
,,,,,
,,,,,
,,,,,
,,,,,
,,,,,
,,,,,
,,,,,
,,,,,
,,,,,
,,,,,
,,,,,
,,,,,
,,,,,
,,,,,
,,,,,
,,,,,
,,,,,
,,,,,
,,,,,
,,,,,
,,,,,
,,,,,
,,,,,
,,,,,
,,,,,
,,,,,
,,,,,
,,,,,
,,,,,
,,,,,
,,,,,
,,,,,
,,,,,
,,,,,
,,,,,
,,,,,
,,,,,
,,,,,
,,,,,
,,,,,
,,,,,
,,,,,
,,,,,
,,,,,
,,,,,
,,,,,
,,,,,
,,,,,
,,,,,
,,,,,
,,,,,
,,,,,
,,,,,
,,,,,
,,,,,
,,,,,
,,,,,
,,,,,
,,,,,
,,,,,
,,,,,
,,,,,
,,,,,
,,,,,
,,,,,
,,,,,
,,,,,
,,,,,
,,,,,
,,,,,
,,,,,
,,,,,
,,,,,
,,,,,
,,,,,
,,,,,
,,,,,
,,,,,
,,,,,
,,,,,
,,,,,
,,,,,
,,,,,
,,,,,
,,,,,
,,,,,
,,,,,
,,,,,
,,,,,
,,,,,
,,,,,
,,,,,
,,,,,
,,,,,
,,,,,
,,,,,
,,,,,
,,,,,
,,,,,
,,,,,
,,,,,
,,,,,
,,,,,
,,,,,
,,,,,
,,,,,
,,,,,
,,,,,
,,,,,
,,,,,
,,,,,
,,,,,
,,,,,
,,,,,
,,,,,
,,,,,
,,,,,
,,,,,
,,,,,
,,,,,
,,,,,
,,,,,
,,,,,
,,,,,
,,,,,
,,,,,
,,,,,
,,,,,
,,,,,
,,,,,
,,,,,
,,,,,
,,,,,
,,,,,
,,,,,
,,,,,
,,,,,
,,,,,
,,,,,
,,,,,
,,,,,
,,,,,
,,,,,
,,,,,
,,,,,
,,,,,
,,,,,
,,,,,
,,,,,
,,,,,
,,,,,
,,,,,
,,,,,
,,,,,
,,,,,
,,,,,
,,,,,
,,,,,
,,,,,
,,,,,
,,,,,
,,,,,
,,,,,
,,,,,
,,,,,
,,,,,
,,,,,
,,,,,
,,,,,
,,,,,
,,,,,
,,,,,
,,,,,
,,,,,
,,,,,
,,,,,
,,,,,
,,,,,
,,,,,
,,,,,
,,,,,
,,,,,
,,,,,
,,,,,
,,,,,
,,,,,
,,,,,
,,,,,
,,,,,
,,,,,
,,,,,
,,,,,
,,,,,
,,,,,
,,,,,
,,,,,
,,,,,
,,,,,
,,,,,
,,,,,
,,,,,
,,,,,
,,,,,
,,,,,
,,,,,
,,,,,
,,,,,
,,,,,
,,,,,
,,,,,
,,,,,
,,,,,
,,,,,
,,,,,
,,,,,
,,,,,
,,,,,
,,,,,
,,,,,
,,,,,
,,,,,
,,,,,
,,,,,
,,,,,
,,,,,
,,,,,
,,,,,
,,,,,
,,,,,
,,,,,
,,,,,
,,,,,
,,,,,
,,,,,
,,,,,
,,,,,
,,,,,
,,,,,
,,,,,
,,,,,
,,,,,
,,,,,
,,,,,
,,,,,
,,,,,
,,,,,
,,,,,
,,,,,
,,,,,
,,,,,
,,,,,
,,,,,
,,,,,
,,,,,
,,,,,
,,,,,
,,,,,
,,,,,
,,,,,
,,,,,
,,,,,
,,,,,
,,,,,
,,,,,
,,,,,
,,,,,
,,,,,
,,,,,
,,,,,
,,,,,
,,,,,
,,,,,
,,,,,
,,,,,
,,,,,
,,,,,
,,,,,
,,,,,
,,,,,
,,,,,
,,,,,
,,,,,
,,,,,
,,,,,
,,,,,
,,,,,
,,,,,
,,,,,
,,,,,
,,,,,
,,,,,
,,,,,
,,,,,
,,,,,
,,,,,
,,,,,
,,,,,
,,,,,
,,,,,
,,,,,
,,,,,
,,,,,
,,,,,
,,,,,
,,,,,
,,,,,
,,,,,
,,,,,
,,,,,
,,,,,
,,,,,
,,,,,
,,,,,
,,,,,
,,,,,
,,,,,
,,,,,
,,,,,
,,,,,
,,,,,
,,,,,
,,,,,
,,,,,
,,,,,
,,,,,
,,,,,
,,,,,
,,,,,
,,,,,
,,,,,
,,,,,
,,,,,
,,,,,
,,,,,
,,,,,
,,,,,
,,,,,
,,,,,
,,,,,
,,,,,
,,,,,
,,,,,
,,,,,
,,,,,
,,,,,
,,,,,
,,,,,
,,,,,
,,,,,
,,,,,
,,,,,
,,,,,
,,,,,
,,,,,
,,,,,
,,,,,
,,,,,
,,,,,
,,,,,
,,,,,
,,,,,
,,,,,
,,,,,
,,,,,
,,,,,
,,,,,
,,,,,
,,,,,
,,,,,
,,,,,
,,,,,
,,,,,
,,,,,
,,,,,
,,,,,
,,,,,
,,,,,
,,,,,
,,,,,
,,,,,
,,,,,
,,,,,
,,,,,
,,,,,
,,,,,
,,,,,
,,,,,
,,,,,
,,,,,
,,,,,
,,,,,
,,,,,
,,,,,
,,,,,
,,,,,
,,,,,
,,,,,
,,,,,
,,,,,
,,,,,
,,,,,
,,,,,
,,,,,
,,,,,
,,,,,
,,,,,
,,,,,
,,,,,
,,,,,
,,,,,
,,,,,
,,,,,
,,,,,
,,,,,
,,,,,
,,,,,
,,,,,
,,,,,
,,,,,
,,,,,
,,,,,
,,,,,
,,,,,
,,,,,
,,,,,
,,,,,
,,,,,
,,,,,
,,,,,
,,,,,
,,,,,
,,,,,
,,,,,
,,,,,
,,,,,
,,,,,
,,,,,
,,,,,
,,,,,
,,,,,
,,,,,
,,,,,
,,,,,
,,,,,
,,,,,
,,,,,
,,,,,
,,,,,
,,,,,
,,,,,
,,,,,
,,,,,
,,,,,
,,,,,
,,,,,
,,,,,
,,,,,
,,,,,
,,,,,
,,,,,
,,,,,
,,,,,
,,,,,
,,,,,
,,,,,
,,,,,
,,,,,
,,,,,
,,,,,
,,,,,
,,,,,
,,,,,
,,,,,
,,,,,
,,,,,
,,,,,
,,,,,
,,,,,
,,,,,
,,,,,
,,,,,
,,,,,
,,,,,
,,,,,
,,,,,
,,,,,
,,,,,
,,,,,
,,,,,
,,,,,
,,,,,
,,,,,
,,,,,
,,,,,
,,,,,
,,,,,
,,,,,
,,,,,
,,,,,
,,,,,
,,,,,
,,,,,
,,,,,
,,,,,
,,,,,
,,,,,
,,,,,
,,,,,
,,,,,
,,,,,
,,,,,
,,,,,
,,,,,
,,,,,
,,,,,
,,,,,
,,,,,
,,,,,
,,,,,
,,,,,
,,,,,
,,,,,
,,,,,
,,,,,
,,,,,
,,,,,
,,,,,
,,,,,
,,,,,
,,,,,
,,,,,
,,,,,
,,,,,
,,,,,
,,,,,
,,,,,
,,,,,
,,,,,
,,,,,
,,,,,
,,,,,
,,,,,
,,,,,
,,,,,
,,,,,
,,,,,
,,,,,
,,,,,
,,,,,
,,,,,
,,,,,
,,,,,
,,,,,
,,,,,
,,,,,
,,,,,
,,,,,
,,,,,
,,,,,
,,,,,
,,,,,
,,,,,
,,,,,
,,,,,
,,,,,
,,,,,
,,,,,
,,,,,
,,,,,
,,,,,
,,,,,
,,,,,
,,,,,
,,,,,
,,,,,
,,,,,
,,,,,
,,,,,
,,,,,
,,,,,
,,,,,
,,,,,
,,,,,
,,,,,
,,,,,
,,,,,
,,,,,
,,,,,
,,,,,
,,,,,
,,,,,
,,,,,
,,,,,
,,,,,
,,,,,
,,,,,
,,,,,
,,,,,
,,,,,
,,,,,
,,,,,
,,,,,
,,,,,
,,,,,
,,,,,
,,,,,
,,,,,
,,,,,
,,,,,
,,,,,
,,,,,
,,,,,
,,,,,
,,,,,
,,,,,
,,,,,
,,,,,
,,,,,
,,,,,
,,,,,
,,,,,
,,,,,
,,,,,
,,,,,
,,,,,
,,,,,
,,,,,
,,,,,
,,,,,
,,,,,
,,,,,
,,,,,
,,,,,
,,,,,
,,,,,
,,,,,
,,,,,
,,,,,
,,,,,
,,,,,
,,,,,
,,,,,
,,,,,
,,,,,
,,,,,
,,,,,
,,,,,
,,,,,
,,,,,
,,,,,
,,,,,
,,,,,
,,,,,
,,,,,
,,,,,
,,,,,
,,,,,
,,,,,
,,,,,
,,,,,
,,,,,
,,,,,
,,,,,
,,,,,
,,,,,
,,,,,
,,,,,
,,,,,
,,,,,
,,,,,
,,,,,
,,,,,
,,,,,
,,,,,
,,,,,
,,,,,
,,,,,
,,,,,
,,,,,
,,,,,
,,,,,
,,,,,
,,,,,
,,,,,
,,,,,
,,,,,
,,,,,
,,,,,
,,,,,
,,,,,
,,,,,
,,,,,
,,,,,
,,,,,
,,,,,
,,,,,
,,,,,
,,,,,
,,,,,
,,,,,
,,,,,
,,,,,
,,,,,
,,,,,
,,,,,
,,,,,
,,,,,
,,,,,
,,,,,
,,,,,
,,,,,
,,,,,
,,,,,
,,,,,
,,,,,
,,,,,
,,,,,
,,,,,
,,,,,
,,,,,
,,,,,
,,,,,
,,,,,
,,,,,
,,,,,
,,,,,
,,,,,
,,,,,
,,,,,
,,,,,
,,,,,
,,,,,
,,,,,
,,,,,
,,,,,
,,,,,
,,,,,
,,,,,
,,,,,
,,,,,
,,,,,
,,,,,
,,,,,
,,,,,
,,,,,
,,,,,
,,,,,
,,,,,
,,,,,
,,,,,
,,,,,
,,,,,
,,,,,
,,,,,
,,,,,
,,,,,
,,,,,
,,,,,
,,,,,
,,,,,
,,,,,
,,,,,
,,,,,
,,,,,
,,,,,
,,,,,
,,,,,
,,,,,
,,,,,
,,,,,
,,,,,
,,,,,
,,,,,
,,,,,
,,,,,
,,,,,
,,,,,
,,,,,
,,,,,
,,,,,
,,,,,
,,,,,
,,,,,
,,,,,
,,,,,
,,,,,
,,,,,
,,,,,
,,,,,
,,,,,
,,,,,
,,,,,
,,,,,
,,,,,
,,,,,
,,,,,
,,,,,
,,,,,
,,,,,
,,,,,
,,,,,
,,,,,
,,,,,
,,,,,
,,,,,
,,,,,
,,,,,
,,,,,
,,,,,
,,,,,
,,,,,
,,,,,
,,,,,
,,,,,
,,,,,
,,,,,
,,,,,
,,,,,
,,,,,
,,,,,
,,,,,
,,,,,
,,,,,
,,,,,
,,,,,
,,,,,
,,,,,
,,,,,
,,,,,
,,,,,
,,,,,
,,,,,
,,,,,
,,,,,
,,,,,
,,,,,
,,,,,
,,,,,
,,,,,
,,,,,
,,,,,
,,,,,
,,,,,
,,,,,
,,,,,
,,,,,
,,,,,
,,,,,
,,,,,
,,,,,
,,,,,
,,,,,
,,,,,
,,,,,
,,,,,
,,,,,
,,,,,
,,,,,
,,,,,
,,,,,
,,,,,
,,,,,
,,,,,
,,,,,
,,,,,
,,,,,
,,,,,
,,,,,
,,,,,
,,,,,
,,,,,
,,,,,
,,,,,
,,,,,
,,,,,
,,,,,
,,,,,
,,,,,
,,,,,
,,,,,
,,,,,
,,,,,
,,,,,
,,,,,
,,,,,
,,,,,
,,,,,
,,,,,
,,,,,
,,,,,
,,,,,
,,,,,
,,,,,
,,,,,
,,,,,
,,,,,
,,,,,
,,,,,
,,,,,
,,,,,
,,,,,
,,,,,
,,,,,
,,,,,
,,,,,
,,,,,
,,,,,
,,,,,
,,,,,
,,,,,
,,,,,
,,,,,
,,,,,
,,,,,
,,,,,
,,,,,
,,,,,
,,,,,
,,,,,
,,,,,
,,,,,
,,,,,
,,,,,
,,,,,
,,,,,
,,,,,
,,,,,
,,,,,
,,,,,
,,,,,
,,,,,
,,,,,
,,,,,
,,,,,
,,,,,
,,,,,
,,,,,
,,,,,
,,,,,
,,,,,
,,,,,
,,,,,
,,,,,
,,,,,
,,,,,
,,,,,
,,,,,
,,,,,
,,,,,
,,,,,
,,,,,
,,,,,
,,,,,
,,,,,
,,,,,
,,,,,
,,,,,
,,,,,
,,,,,
,,,,,
,,,,,
,,,,,
,,,,,
,,,,,
,,,,,
,,,,,
,,,,,
,,,,,
,,,,,
,,,,,
,,,,,
,,,,,
,,,,,
,,,,,
,,,,,
,,,,,
,,,,,
,,,,,
,,,,,
,,,,,
,,,,,
,,,,,
,,,,,
,,,,,
,,,,,
,,,,,
,,,,,
,,,,,
,,,,,
,,,,,
,,,,,
,,,,,
,,,,,
,,,,,
,,,,,
,,,,,
